{"cameraMode":{"drawMode":0,"name":"Shaded","section":"Shading Mode"},"sceneLighting":true,"audioPlay":false,"sceneViewState":{"m_AlwaysRefresh":false,"showFog":true,"showSkybox":true,"showFlares":true,"showImageEffects":true,"showParticleSystems":true,"showVisualEffectGraphs":true,"m_FxEnabled":true},"in2DMode":false,"pivot":{"x":-0.47678327560424807,"y":0.9115756750106812,"z":-3.1003592014312746},"rotation":{"x":-0.10660621523857117,"y":-0.0098364083096385,"z":0.0010858152527362109,"w":-0.994299054145813},"size":1.771172285079956,"orthographic":false}