{"cameraMode":{"drawMode":0,"name":"Shaded","section":"Shading Mode"},"sceneLighting":true,"audioPlay":false,"sceneViewState":{"m_AlwaysRefresh":false,"showFog":true,"showSkybox":true,"showFlares":true,"showImageEffects":true,"showParticleSystems":true,"showVisualEffectGraphs":true,"m_FxEnabled":true},"in2DMode":false,"pivot":{"x":-0.2971029281616211,"y":0.6093049645423889,"z":-4.141445636749268},"rotation":{"x":-0.0014782162616029382,"y":-0.16662897169589997,"z":0.0002507092140149325,"w":-0.9860315322875977},"size":2.0171971321105959,"orthographic":false}