{"cameraMode":{"drawMode":0,"name":"Shaded","section":"Shading Mode"},"sceneLighting":true,"audioPlay":false,"sceneViewState":{"m_AlwaysRefresh":false,"showFog":true,"showSkybox":true,"showFlares":true,"showImageEffects":true,"showParticleSystems":true,"showVisualEffectGraphs":true,"m_FxEnabled":true},"in2DMode":false,"pivot":{"x":0.3644559383392334,"y":1.5576152801513672,"z":-1.1816277503967286},"rotation":{"x":-0.11406061798334122,"y":-0.0023872649762779476,"z":0.00027410004986450076,"w":-0.9934719800949097},"size":1.3697904348373414,"orthographic":false}