{"cameraMode":{"drawMode":0,"name":"Shaded","section":"Shading Mode"},"sceneLighting":true,"audioPlay":false,"sceneViewState":{"m_AlwaysRefresh":false,"showFog":true,"showSkybox":true,"showFlares":true,"showImageEffects":true,"showParticleSystems":true,"showVisualEffectGraphs":true,"m_FxEnabled":true},"in2DMode":false,"pivot":{"x":-319.3455505371094,"y":250.83665466308595,"z":589.634033203125},"rotation":{"x":0.0021696723997592928,"y":0.9842503666877747,"z":-0.1763695925474167,"w":0.012107591144740582},"size":17.01392936706543,"orthographic":false}