{"cameraMode":{"drawMode":0,"name":"Shaded","section":"Shading Mode"},"sceneLighting":true,"audioPlay":false,"sceneViewState":{"m_AlwaysRefresh":false,"showFog":true,"showSkybox":true,"showFlares":true,"showImageEffects":true,"showParticleSystems":true,"showVisualEffectGraphs":true,"m_FxEnabled":true},"in2DMode":false,"pivot":{"x":-3.4565672874450685,"y":1.5020134449005128,"z":0.016160011291503907},"rotation":{"x":0.03471235930919647,"y":-0.292464941740036,"z":0.010623940266668797,"w":0.955589234828949},"size":8.11331558227539,"orthographic":false}