{"cameraMode":{"drawMode":0,"name":"Shaded","section":"Shading Mode"},"sceneLighting":true,"audioPlay":false,"sceneViewState":{"m_AlwaysRefresh":false,"showFog":true,"showSkybox":true,"showFlares":true,"showImageEffects":true,"showParticleSystems":true,"showVisualEffectGraphs":true,"m_FxEnabled":true},"in2DMode":false,"pivot":{"x":-2.4312124252319338,"y":0.8730599284172058,"z":-0.4942553639411926},"rotation":{"x":-0.08114413917064667,"y":0.5883086323738098,"z":-0.059535425156354907,"w":-0.8023993372917175},"size":3.147956609725952,"orthographic":false}