{"cameraMode":{"drawMode":0,"name":"Shaded","section":"Shading Mode"},"sceneLighting":true,"audioPlay":false,"sceneViewState":{"m_AlwaysRefresh":false,"showFog":true,"showSkybox":true,"showFlares":true,"showImageEffects":true,"showParticleSystems":true,"showVisualEffectGraphs":true,"m_FxEnabled":true},"in2DMode":false,"pivot":{"x":0.8353925943374634,"y":1.1822631359100342,"z":-1.242931842803955},"rotation":{"x":-0.031062351539731027,"y":0.7270482778549194,"z":-0.03296525776386261,"w":-0.6850970983505249},"size":1.1565852165222169,"orthographic":false}