{"cameraMode":{"drawMode":0,"name":"Shaded","section":"Shading Mode"},"sceneLighting":true,"audioPlay":false,"sceneViewState":{"m_AlwaysRefresh":false,"showFog":true,"showSkybox":true,"showFlares":true,"showImageEffects":true,"showParticleSystems":true,"showVisualEffectGraphs":true,"m_FxEnabled":true},"in2DMode":false,"pivot":{"x":6.762542724609375,"y":-15.974136352539063,"z":61.61419677734375},"rotation":{"x":-0.002483431715518236,"y":-0.997419536113739,"z":0.057517051696777347,"w":-0.04311925172805786},"size":191.09713745117188,"orthographic":false}