{"cameraMode":{"drawMode":0,"name":"Shaded","section":"Shading Mode"},"sceneLighting":true,"audioPlay":false,"sceneViewState":{"m_AlwaysRefresh":false,"showFog":true,"showSkybox":true,"showFlares":true,"showImageEffects":true,"showParticleSystems":true,"showVisualEffectGraphs":true,"m_FxEnabled":true},"in2DMode":false,"pivot":{"x":-0.11095619201660156,"y":0.8119458556175232,"z":-5.747683525085449},"rotation":{"x":-0.020489869639277459,"y":0.9698838591575623,"z":-0.08782892674207688,"w":-0.22627201676368714},"size":9.709427833557129,"orthographic":false}