{"cameraMode":{"drawMode":0,"name":"Shaded","section":"Shading Mode"},"sceneLighting":true,"audioPlay":false,"sceneViewState":{"m_AlwaysRefresh":false,"showFog":true,"showSkybox":true,"showFlares":true,"showImageEffects":true,"showParticleSystems":true,"showVisualEffectGraphs":true,"m_FxEnabled":true},"in2DMode":false,"pivot":{"x":-0.8760201930999756,"y":0.1326468288898468,"z":0.07894331216812134},"rotation":{"x":-0.05393773317337036,"y":0.03742905333638191,"z":-0.0020401093643158676,"w":-0.997891902923584},"size":3.244593381881714,"orthographic":true}