{"cameraMode":{"drawMode":0,"name":"Shaded","section":"Shading Mode"},"sceneLighting":false,"audioPlay":false,"sceneViewState":{"m_AlwaysRefresh":false,"showFog":true,"showSkybox":false,"showFlares":true,"showImageEffects":true,"showParticleSystems":true,"showVisualEffectGraphs":true,"m_FxEnabled":true},"in2DMode":false,"pivot":{"x":0.01832205057144165,"y":0.31183451414108279,"z":-0.0951312780380249},"rotation":{"x":0.08316827565431595,"y":0.6696346402168274,"z":-0.07586342841386795,"w":0.734115719795227},"size":1.8225085735321046,"orthographic":false}